ID,Job Title,Email Address,FirstName LastName
1,Clerk,Chris_Stewart233@bungar.biz,Chris Stewart
2,Fabricator,Taylor_Shepherd2251@muall.tech,Taylor Shepherd
3,Budget Analyst,Liam_Blackburn9306@nickia.com,Liam Blackburn
4,Food Technologist,Chadwick_Marshall4022@deavo.com,Chadwick Marshall
5,Bookkeeper,Darlene_Eyres6017@deons.tech,Darlene Eyres
6,Dentist,Shelby_Bright9829@nanoff.biz,Shelby Bright
7,Investment  Advisor,Candice_Stark199@womeona.net,Candice Stark
8,Electrician,Leilani_Rogers8829@gmail.com,Leilani Rogers
9,Baker,Nina_Ingram5587@grannar.com,Nina Ingram
10,Webmaster,Lynn_Hunter708@deons.tech,Lynn Hunter
11,Auditor,Kenzie_Nurton8300@hourpy.biz,Kenzie Nurton
12,HR Coordinator,Courtney_Cooper3987@ubusive.com,Courtney Cooper
13,Dentist,Noah_Ross1134@joiniaa.com,Noah Ross
14,Healthcare Specialist,Clint_Gavin3116@mafthy.com,Clint Gavin
15,Project Manager,Lucas_Knight8401@sveldo.biz,Lucas Knight
16,Loan Officer,Kirsten_Oswald7410@irrepsy.com,Kirsten Oswald
17,Bookkeeper,Gwen_Hamilton9755@typill.biz,Gwen Hamilton
18,Cashier,Peter_Kelly7901@brety.org,Peter Kelly
19,Cash Manager,Rose_Parr298@nickia.com,Rose Parr
20,Electrician,Rocco_Ebden4412@deavo.com,Rocco Ebden
21,Health Educator,Rick_Page 2077@deons.tech,Rick Page 
22,Bellman,Gabriel_Ingham9060@jiman.org,Gabriel Ingham
23,Global Logistics Supervisor,Freya_Wood8340@gompie.com,Freya Wood
24,Lecturer,John_Snow6416@zorer.org,John Snow
25,Cook,Rick_Andrews3088@ovock.tech,Rick Andrews
26,Associate Professor,Rowan_Pearson8050@ovock.tech,Rowan Pearson
27,Webmaster,Martin_Matthews9821@acrit.org,Martin Matthews
28,Accountant,Isabella_Dann9873@hourpy.biz,Isabella Dann
29,HR Specialist,Phillip_May7493@womeona.net,Phillip May
30,Steward,Mason_Edler6196@gmail.com,Mason Edler
31,Biologist,Mona_Osman2700@jiman.org,Mona Osman
32,Bellman,Barry_Alexander2300@womeona.net,Barry Alexander
33,Ambulatory Nurse,Erin_Healy6701@hourpy.biz,Erin Healy
34,Fabricator,Lynn_Cassidy7664@ubusive.com,Lynn Cassidy
35,Machine Operator,Daniel_Hunter5537@typill.biz,Daniel Hunter
36,Budget Analyst,Chris_Willis8375@liret.org,Chris Willis
37,Clerk,Elisabeth_Jennson7539@gmail.com,Elisabeth Jennson
38,Dentist,Domenic_Ventura532@irrepsy.com,Domenic Ventura
39,Project Manager,Alison_Brown5053@supunk.biz,Alison Brown
40,HR Coordinator,Alan_Niles9669@mafthy.com,Alan Niles
41,Staffing Consultant,Josh_Cunningham7684@irrepsy.com,Josh Cunningham
42,Bellman,Carmella_Carter1723@sveldo.biz,Carmella Carter
43,Systems Administrator,Naomi_Butler9937@bungar.biz,Naomi Butler
44,Systems Administrator,Kenzie_Aldridge3986@naiker.biz,Kenzie Aldridge
45,Electrician,Chris_Steer7600@naiker.biz,Chris Steer
46,Mobile Developer,Jacqueline_Harrison7641@eirey.tech,Jacqueline Harrison
47,Production Painter,Doris_Bryson1415@deons.tech,Doris Bryson
48,Operator,Adeline_Eastwood2598@brety.org,Adeline Eastwood
49,Call Center Representative,Liam_Stark6460@naiker.biz,Liam Stark
50,Health Educator,Johnathan_Nanton6541@sheye.org,Johnathan Nanton
51,Business Broker,Peyton_Lomax7709@sheye.org,Peyton Lomax
52,Clerk,Carissa_Barrett4363@liret.org,Carissa Barrett
53,Design Engineer,Sebastian_Gardner4718@iatim.tech,Sebastian Gardner
54,Physician,Rhea_Flett9467@vetan.org,Rhea Flett
55,Paramedic,Tess_Powell237@cispeto.com,Tess Powell
56,Pharmacist,Louise_Cattell5816@corti.com,Louise Cattell
57,Ambulatory Nurse,Ivette_Hunt8781@vetan.org,Ivette Hunt
58,Ambulatory Nurse,Michael_Wellington557@zorer.org,Michael Wellington
59,Designer,Alexander_Saunders1852@gembat.biz,Alexander Saunders
60,Ambulatory Nurse,Abdul_Saunders8949@twipet.com,Abdul Saunders
61,Insurance Broker,Charlotte_Quinton7907@corti.com,Charlotte Quinton
62,Audiologist,Juliette_Amstead6320@kideod.biz,Juliette Amstead
63,Project Manager,Chelsea_Ellery228@gmail.com,Chelsea Ellery
64,Health Educator,Peter_Pope1375@atink.com,Peter Pope
65,Mobile Developer,Carla_Robinson6423@womeona.net,Carla Robinson
66,Healthcare Specialist,Wade_Shaw2745@nimogy.biz,Wade Shaw
67,Chef Manager,Ronald_Lucas6652@nanoff.biz,Ronald Lucas
68,Paramedic,Lorraine_Warden5316@supunk.biz,Lorraine Warden
69,Loan Officer,Tom_Wigley4401@jiman.org,Tom Wigley
70,HR Specialist,Mya_Barclay9188@sheye.org,Mya Barclay
71,Staffing Consultant,William_Grady2779@corti.com,William Grady
72,Doctor,Chris_Riley7195@supunk.biz,Chris Riley
73,Webmaster,Charlize_Ebden6723@zorer.org,Charlize Ebden
74,Webmaster,Lucy_Atkinson6253@infotech44.tech,Lucy Atkinson
75,Project Manager,Nathan_Sloan8512@bauros.biz,Nathan Sloan
76,Software Engineer,Shannon_Lindsay4818@liret.org,Shannon Lindsay
77,Machine Operator,Maria_Burnley658@vetan.org,Maria Burnley
78,Production Painter,Jack_Grey3100@nanoff.biz,Jack Grey
79,Mobile Developer,Enoch_Taylor9170@tonsy.org,Enoch Taylor
80,Cash Manager,Ramon_Umney7394@vetan.org,Ramon Umney
81,Service Supervisor,Samantha_Wheeler1011@deons.tech,Samantha Wheeler
82,Physician,Russel_Davies4207@hourpy.biz,Russel Davies
83,Restaurant Manager,Manuel_Olivier6013@atink.com,Manuel Olivier
84,Physician,Jaylene_Freeburn1534@naiker.biz,Jaylene Freeburn
85,Electrician,Alison_Hewitt1528@nanoff.biz,Alison Hewitt
86,Laboratory Technician,Ethan_Flack4378@atink.com,Ethan Flack
87,Associate Professor,Jaylene_Parsons16@gompie.com,Jaylene Parsons
88,Fabricator,Chanelle_Wren8753@typill.biz,Chanelle Wren
89,Food Technologist,Harvey_Leigh1556@bretoux.com,Harvey Leigh
90,Webmaster,Johnathan_Ulyatt7288@corti.com,Johnathan Ulyatt
91,Software Engineer,Marie_Tailor2312@jiman.org,Marie Tailor
92,Food Technologist,Ruby_Rigg5703@kideod.biz,Ruby Rigg
93,Executive Director,Jennifer_Johnson4220@deavo.com,Jennifer Johnson
94,Machine Operator,Ivette_Collingwood6178@atink.com,Ivette Collingwood
95,Webmaster,Kieth_Osmond362@gompie.com,Kieth Osmond
96,Cashier,Zara_King9132@qater.org,Zara King
97,Bookkeeper,Miriam_Walsh1901@atink.com,Miriam Walsh
98,Restaurant Manager,Ada_May3922@bungar.biz,Ada May
99,Global Logistics Supervisor,Marjorie_Mullins714@atink.com,Marjorie Mullins
100,CNC Operator,Cassandra_Jackson9958@typill.biz,Cassandra Jackson

